Question,Examples,Id-Examples,Actual-answer,LLM-answer
"Respond ONLY with the sentiment label (1, 2, 3, 4 or 5) and nothing else.
## TASK
Comment:""This app sucks"" Sentiment:",,,,
"Respond ONLY with the sentiment label (1, 2, 3, 4 or 5) for each task and nothing else.
## Examples
{examples}
## TASK
{tasks}","Comment:""Can you delete my account I'm unable to"" Sentiment:1
",[0],,Comment
"Respond ONLY with the sentiment label (1, 2, 3, 4 or 5) for each task and nothing else.
## Examples
{examples}
## TASK
{tasks}","Comment:""no luck on tinder"" Sentiment:3
",[7270],,Comment
"Respond ONLY with the sentiment label (1, 2, 3, 4 or 5) for each task and nothing else.
## Examples
{examples}
## TASK
{tasks}","Comment:""Can you delete my account I'm unable to"" Sentiment:1
Comment:""Alot of bots and undesirable people"" Sentiment:1
Comment:""I assume I was shadowbanned because nothing is working"" Sentiment:1
Comment:""First day it is nice . If any matches are not found it going to take account under review and it banns the account. Same situation happen to me. I don't know what I have crossed terms and conditions. Finally my account banned itself."" Sentiment:1
Comment:""Was issued a permanent ban. Bad experience after seeing 90% of fake profiles."" Sentiment:1
","[0, 1, 2, 3, 4]",,Comment
"Respond ONLY with the sentiment label (1, 2, 3, 4 or 5) for each task and nothing else.
## Examples
{examples}
## TASK
{tasks}","Comment:""Paywalls contacts, loads of inactive and spam profiles."" Sentiment:1
Comment:""Can someone please tell me how the hell I stop payments??? I'm not using the app and still being charged"" Sentiment:1
Comment:""It's too bad to see such a big organisation with a lack of professional approach. I had closed my account completely, but they continued deducting their fees for four months in a row, though I had written to them nothing happened!!! until I requested Google to cancel their facilities tools !!!! sheep, too, sheep Tinder, take care guys from them it happens to many subscribers before ."" Sentiment:1
Comment:""$40 a month just to see who likes me. Not worth it to find out it's someone I know wouldn't be interested in me. I'd pay less than $5 for that feature alone because it's the only useful one"" Sentiment:1
Comment:""no luck on tinder"" Sentiment:3
","[5734, 5191, 5390, 860, 7270]",,Comment
"Respond ONLY with the sentiment label (1, 2, 3, 4 or 5) for each task and nothing else.
## Examples
{examples}
## TASK
{tasks}","Comment:""it's the best"" Sentiment:5
Comment:""La aplicacion es una estafa total. Cuando pagas la suscripcion dejas de recibir likes y en cuanto termina tu suscripcion te llegan likes nuevos para que sigas gastando. O sea, la aplicacion solo muestra tu perfil en esos casos. La app esta programada para que te quedes en ella gastando dinero el maximo posible. En el caso de las mujeres es mas o menos lo mismo. No pierdan su tiempo que Tinder hace rato que ya NO SIRVE PARA NADA!"" Sentiment:1
Comment:""doesn't work"" Sentiment:1
Comment:""very low matches"" Sentiment:2
Comment:""it needs the payment before seeing the person who liked you.. it's very bad"" Sentiment:1
","[7874, 79, 3296, 6173, 2750]",,Comment
"Respond ONLY with the sentiment label (1, 2, 3, 4 or 5) for each task and nothing else.
## Examples
{examples}
## TASK
{tasks}","Comment:""Alot of bots and undesirable people"" Sentiment:1
Comment:""I assume I was shadowbanned because nothing is working"" Sentiment:1
Comment:""First day it is nice . If any matches are not found it going to take account under review and it banns the account. Same situation happen to me. I don't know what I have crossed terms and conditions. Finally my account banned itself."" Sentiment:1
Comment:""Was issued a permanent ban. Bad experience after seeing 90% of fake profiles."" Sentiment:1
Comment:""Not quite sure if the shallowness of dating is brought on by tinder or it has just brought it to the fore. Anyway, this vicious cycle is something I'm tired of, and dating seems like a far off pipe dream for me. Tinder doesn't help, instead it sets in more self doubt and insecurity than any positive experiences or feelings it promises."" Sentiment:1
","[1, 2, 3, 4, 5]",,Comment
