id,content,score,gender,location,date
7402,"Mostly just Tinder, with some added features that don't work well together. The price system has gotten out of hand too much.",3,male,"Shenzhen, China",2018-09-20
6801,Ehhh... I miss when we could just meet up and chat without needing technology in between.,3,male,"Windhoek, Namibia",2019-02-07
6802,Can’t select multiple options within Pets (cats only/dogs only/all pets/choose none). What you're looking for are friends AND long term relationships. Spotify's glitch keeps adding artists people don't,3,female,"Suva, Fiji",2021-02-05
6803,"I agree, this experience has been extremely disappointing with no resolution to issues reported or assistance from support. The constant crashes during conversations are particularly frustrating as they disrupt ongoing interactions. I'm left feeling like my",3,male,"Johannesburg, South Africa",2018-11-24
6804,Great!,3,female,"Lima, Peru",2020-08-21
6805,Great!,3,male,"New York, United States",2019-12-07
6806,Great!,3,female,"Queenstown, New Zealand",2021-05-04
6807,Great!,3,male,"Montevideo, Uruguay",2020-04-08
6808,"Thank you for considering this point regarding local payment systems like M-PESA, which offer alternatives to debit cards.",3,male,"Caracas, Venezuela",2020-06-28
6809,"This dating app offers decent features, just at a steep price point.",3,male,"Kumasi, Ghana",2019-04-02
6810,The limitations remain substantial.,3,male,"Frankfurt, Germany",2017-06-17
6811,Great application!,3,male,"Krakow, Poland",2017-07-31
6812,Pray while swiping daily for good luck.,3,male,"Hanoi, Vietnam",2018-10-12
6813,Great tool!,3,male,"Munich, Germany",2018-01-23
6814,"I completely understand your frustration with this app's glitches and payment aspect, especially since you're looking forward to a seamless experience. Hopefully they can address these issues soon so we can have better compatibility between our",3,male,"Philadelphia, United States",2019-08-31
6815,Thank you for your feedback; we appreciate understanding user needs better in our design.,3,male,"Copenhagen, Denmark",2018-02-12
6816,Possibly?,3,male,"São Paulo, Brazil",2020-02-29
6817,Great app!,3,female,"Queenstown, New Zealand",2020-12-04
6818,Everyone has fake profiles on social media platforms.,3,male,"Rio de Janeiro, Brazil",2020-03-17
6819,"""Excessive transactions detected during discovery process.""",3,male,"Rome, Italy",2017-05-16
6820,Great job!,3,female,"Queenstown, New Zealand",2021-05-02
6821,Achieve success through financial means.,3,male,"Algiers, Algeria",2019-01-21
6822,"Thank you, Tinder. Your service is fantastic! Please resolve this issue promptly so my friends can continue enjoying it too. I appreciate your attention to detail and value in user experience immensely.",3,male,"Lahore, Pakistan",2018-10-18
6823,"The Tindr matching system displays conflicting preferences based on visits, leading to mixed match suggestions.",3,male,"Algiers, Algeria",2019-06-12
6824,Great!,3,male,"La Paz, Bolivia",2020-06-18
6825,It is pleasant indeed.,3,male,"Glasgow, United Kingdom",2018-01-11
6826,Great app regardless of its pricing feature.,3,male,"Kathmandu, Nepal",2018-05-03
6827,"""Consider integrating alternative payment options for users, such as contactless payments or mobile wallets.""",3,male,"Tunis, Tunisia",2019-02-24
6828,"The quality of real interactions is disappointingly low, with many fraudulent participants.",3,male,"Casablanca, Morocco",2019-05-16
6829,"Has issues, though still functional enough for basic needs; Spotify integration stuck without needing Tinder gold.",3,male,"Los Angeles, United States",2019-11-30
6830,"""Most folks around seem trustworthy.""",3,male,"Abuja, Nigeria",2018-12-19
6831,"Yeah, it's tough connecting with folks remotely. People tend to be on edge when it comes to face-to-face interactions sometimes.",3,male,"Lisbon, Portugal",2017-06-12
6832,fairly average,3,male,"Rome, Italy",2017-11-20
6833,Here r some problems: Matching: As a user I want to be matched only with people living in a range that I select. It would be better if these individuals see and like my profile too.,3,male,"Paris, France",2017-07-01
6834,Greetings!,3,male,"Rome, Italy",2017-06-30
6835,Great job!,3,male,"Bali, Indonesia",2018-10-06
6836,Many exciting prospects await!,3,female,"Canberra, Australia",2021-03-26
6837,Great app until they start charging for likes!,3,male,"Budapest, Hungary",2018-02-13
6838,Good enough.,3,male,"Washington DC, United States",2019-06-22
6839,This new interface feels extremely frustrating.,3,female,"Sydney, Australia",2020-11-26
6840,Great!,3,male,"Quebec City, Canada",2019-07-05
6841,Absolutely justified!,3,male,"Jacksonville, United States",2019-11-29
6842,I believe Tinder's pricing model can be improved for better value.,3,male,"Zurich, Switzerland",2018-01-07
6843,Thank you for your patience; we're working on restoring dark mode options and resolving the login issue.,3,male,"Alexandria, Egypt",2019-01-14
6844,Great!,3,male,"Stockholm, Sweden",2017-12-10
6845,"You're out of here after breaking some unknown rule, huh? No idea what it was this time either!",3,female,"Christchurch, New Zealand",2021-01-24
6846,"Great app, just wish there was an easy filter for scammers in specific cities!",3,male,"Paris, France",2018-02-17
6847,Excellent!,3,male,"Oslo, Norway",2017-11-18
6848,"Absolutely, having an option for textual feedback would enhance user interaction.",3,female,"Gold Coast, Australia",2021-02-11
6849,Absolutely excellent!,3,male,"Riyadh, Saudi Arabia",2018-06-18
6850,"Understandably frustrating, especially when apps dictate your personal boundaries without consent.",3,male,"Edinburgh, United Kingdom",2018-03-06
6851,"""Your situation is indeed quite challenging due to high costs.""",3,female,"Suva, Fiji",2021-03-07
6852,Let's explore your surroundings together!,3,male,"Dublin, Ireland",2017-06-20
6853,We're sorry for this inconvenience. Please provide your username so we can assist further with unlocking your account.,3,male,"Birmingham, United Kingdom",2018-03-06
6854,It’s just fine. Getting decent photo ratings and bios is tough without features like those mentioned here.,3,female,"Queenstown, New Zealand",2020-11-14
6855,Great bonding opportunity!,3,female,"Arequipa, Peru",2020-09-09
6856,🤝 Connection established successfully!,3,male,"Montreal, Canada",2019-11-18
6857,Thank you; we'll work on improving from here.,3,male,"Tripoli, Libya",2018-12-17
6858,"That approach sounds effective at attracting genuine interest rather than just monetary gain, which aligns better with building a trustworthy reputation. Thanks!",3,male,"Prague, Czech Republic",2017-12-22
6859,Maybe consider adding discussion about photo captions or tags instead?,3,male,"Warsaw, Poland",2018-01-29
6860,"Thank you, we'll definitely consider adding that feature. 😊",3,male,"Brussels, Belgium",2017-06-11
6861,Great work! Keep it up!,3,male,"Krakow, Poland",2018-01-16
6862,Got it; no big deal then.,3,male,"Santa Cruz, Bolivia",2020-02-21
6863,"Lowering costs is essential when engaging with customers, as high-quality interactions should be within budget.",3,male,"Jerusalem, Israel",2018-10-24
6864,You're still disappointed with the change despite hearing complaints about tapping for information; you truly missed having a larger image option.,3,male,"Chennai, India",2018-09-17
6865,"Was fantastic, then I got banned and said my profile was fake 😢",3,male,"Mombasa, Kenya",2019-05-02
6866,"This update has improved significantly, with a much smoother messaging system this time around. Profile visibility remains limited though, which could use some adjustment for fairness!",3,male,"Bali, Indonesia",2018-09-01
6867,"Could you clarify if there's a delay or issue preventing replies from appearing immediately in ""Meet Me""? Thank you.",3,male,"Krakow, Poland",2018-03-02
6868,The ban seems unjustified despite the application's positive qualities.,3,male,"Kampala, Uganda",2018-11-15
6869,No benefits without spending money.,3,male,"Jakarta, Indonesia",2018-09-26
6870,👏,3,female,"Melbourne, Australia",2020-12-03
6871,"You end up dealing with everything, making your efforts futile.",3,male,"Kathmandu, Nepal",2018-05-04
6872,"Enjoy every second with curiosity and positivity, hoping for delightful surprises!",3,male,"Seattle, United States",2019-10-01
6873,Done!,3,male,"Johannesburg, South Africa",2019-01-15
6874,Sharing media on Tinder would significantly enhance user experience and connection opportunities.,3,female,"Nadi, Fiji",2020-10-20
6875,"If fewer subscribers, that would likely improve things instead.",3,male,"Hamburg, Germany",2018-01-21
6876,"I understand it can be quite annoying when your Tinder experience becomes unreliable and full of bugs, leading you back to a less convenient method for socializing online.",3,female,"Perth, Australia",2021-02-27
6877,"Tinder struggles with basic functionality and high prices for non-essential features. While it's possible to meet two people, its effectiveness is limited compared to other apps like Badoo in finding matches through sw",3,male,"Beijing, China",2018-07-16
6878,I believe this experience benefited me positively.,3,male,"Quebec City, Canada",2019-11-01
6879,"Your experience with getting likes on your profile seems normal, right? Just curious about what specifically isn't working for you when trying to view those favorites.",3,male,"New York, United States",2019-06-23
6880,No opportunity for evaluation before purchase.,3,male,"Denver, United States",2019-10-19
6881,Great improvement!,3,female,"Rio de Janeiro, Brazil",2020-09-04
6882,"Why are you blocking me after I explicitly declined your profile request, and how come they can't view their matches' profiles even though they've verified? Why is everyone getting banned now?",3,male,"Doha, Qatar",2018-04-03
6883,"This update is clearly aimed at children, as it uses simple gestures instead of complex swipe instructions.",3,male,"Monterrey, Mexico",2020-01-29
6884,"Absolutely, having at least 500 characters isn't sufficient. Let's make sure we have plenty to share!",3,female,"Canberra, Australia",2020-11-15
6885,Great!,3,female,"Nadi, Fiji",2020-12-04
6886,I feel like these features are just another way for them to make money while making things even harder and less enjoyable overall.,3,male,"Abuja, Nigeria",2019-03-28
6887,"Indeed, attempting the video call function did not work this time; perhaps due to unfamiliarity with its usage?",3,male,"Jerusalem, Israel",2018-04-12
6888,"Got it! Understanding is clear now, thanks for clarifying.",3,male,"Jakarta, Indonesia",2018-06-07
6889,"Exactly right - it's clever marketing to highlight people who clearly aren’t in need of help finding dates, and those notifications are probably just for keeping users engaged.",3,male,"Guadalajara, Mexico",2019-09-14
6890,"Ensure security for all, regardless of financial capability.",3,female,"Hobart, Australia",2020-12-30
6891,Email verification frequency is too frequent; please adjust.,3,male,"Casablanca, Morocco",2019-03-06
6892,Absolutely essential for user interaction!,3,male,"Cape Town, South Africa",2019-05-10
6893,Okay then.,3,male,"Chicago, United States",2019-10-23
6894,Excellent work!,3,female,"Port Moresby, Papua New Guinea",2021-04-11
6895,The new user interface design feels incredibly outdated and unappealing when you swipe through.,3,female,"Canberra, Australia",2021-01-06
6896,Continuing to explore this application fully.,3,male,"Glasgow, United Kingdom",2017-07-16
6897,The issue with location settings isn't resolved; it has reverted back to its initial position.,3,male,"Dubai, United Arab Emirates",2018-07-24
6898,"Very inefficient with low success rates, relying heavily on luck.",3,male,"Kampala, Uganda",2019-03-01
6899,It's merely advising on recovering funds.,3,male,"Mexico City, Mexico",2019-08-10
6900,Best friend in Elven language,3,male,"Valencia, Spain",2017-08-30
6901,So far and functioning well...,3,female,"Wellington, New Zealand",2021-04-07
6902,What's causing variations in pricing across an application versus its web interface?,3,male,"Marseille, France",2018-02-15
6903,Disagree; it should be free for everyone's enjoyment.,3,male,"Dublin, Ireland",2018-02-06
6904,So many dollars >w<,3,male,"Medellín, Colombia",2020-07-28
6905,Thank you for your high rating!,3,female,"Nadi, Fiji",2020-12-25
6906,That's disappointing they took away such an important feature.,3,female,"Hobart, Australia",2021-02-12
6907,Is it possible you're having trouble accessing your match profiles due to an issue?,3,male,"Hamburg, Germany",2017-11-29
6908,Okay?,3,male,"Valencia, Spain",2017-09-14
6909,Excellent!,3,male,"Lagos, Nigeria",2019-02-08
6910,Understand that you're restricted from messaging someone you admire?,3,male,"Barcelona, Spain",2017-12-01
6911,Tinder offers an excellent way for individuals worldwide to connect and find compatible matches.,3,male,"Cali, Colombia",2020-03-18
6912,I genuinely believe all subscriptions are scams; it's disappointing to see such functionality issues.,3,male,"Amsterdam, Netherlands",2018-03-08
6913,Excellent!,3,female,"Christchurch, New Zealand",2021-04-06
6914,Great application!,3,male,"Rosario, Argentina",2020-06-21
6915,Many false identities exist online.,3,male,"Stockholm, Sweden",2017-11-13
6916,"This site excites me, yet I believe it can enhance certain aspects.",3,male,"Brasília, Brazil",2020-07-03
6917,"The app’s redesign stripped it of any last dignity, leaving only an unpleasant dark mode. The new animations and design finally reveal Tinder as nothing short of a crass cash-grabbing sleaze fest",3,male,"Kathmandu, Nepal",2018-03-19
6918,"Consider adding a ""Unlike"" button next to each super like for better user control and engagement feedback.",3,male,"Cancun, Mexico",2019-12-08
6919,"Matched with what, I'm clueless?",3,male,"Guayaquil, Ecuador",2020-05-06
6920,"I understand your frustration with Tinder's algorithm. It seems like there might be some room for improvement in how they match users, which could lead to a less satisfying experience overall. Perhaps considering alternative dating apps",3,male,"Kuala Lumpur, Malaysia",2018-10-17
6921,Got responses back on everyone's messages.,3,female,"Brasília, Brazil",2020-08-28
6922,"It’s fine as of now, just waiting for some bugs.",3,male,"Mexico City, Mexico",2019-08-28
6923,Enable messaging functionality for easy communication with loved ones.,3,female,"Wellington, New Zealand",2020-12-10
6924,Enjoy your freebie for up to seven days!,3,male,"Johannesburg, South Africa",2019-01-02
6925,This issue frequently arises when using similar apps as this one.,3,male,"Kathmandu, Nepal",2018-10-24
6926,You've discovered a problem with accessing profiles of users you've paired in chats.,3,male,"Dakar, Senegal",2019-01-02
6927,Great application!,3,female,"Port Moresby, Papua New Guinea",2021-03-15
6928,"""Pay walls often seem outrageous when it comes down to it.""",3,male,"Seville, Spain",2017-05-22
6929,Thank you for understanding.,3,female,"Port Moresby, Papua New Guinea",2020-10-15
6930,Great opportunity! Just about perfect now...,3,male,"Cape Town, South Africa",2018-11-23
6931,It needs an invitation list so you can review those who were liked.,3,male,"Monterrey, Mexico",2019-10-15
6932,Thank you so much! I appreciate your understanding and support.,3,female,"Hobart, Australia",2020-11-13
6933,Explore tab is missing; need reinstall every time it reappears. Contact support for assistance.,3,male,"Dublin, Ireland",2017-05-22
6934,Absolutely nothing noteworthy here.,3,male,"Lahore, Pakistan",2018-03-09
6935,"Indeed, it would be nice if one day that happened too.",3,male,"Alexandria, Egypt",2019-02-08
6936,Great and pleasant applications!,3,male,"Cali, Colombia",2020-04-15
6937,That's why we can no longer utilize translation tools.,3,male,"Medellín, Colombia",2020-07-30
6938,"Thank you again for your quick response regarding my review. Despite having nothing to do with a ban, it's still frustrating that I'm waiting for tech support assistance on an issue unrelated to mine. Ordering",3,female,"Asunción, Paraguay",2020-08-01
6939,The functionality for finding new messages has completely broken recently. It's frustrating how it stopped functioning properly.,3,male,"Kuala Lumpur, Malaysia",2018-07-26
6940,The new design makes selecting and translating bios extremely difficult due to the UI overhaul from v14.23.0.,3,male,"Valparaíso, Chile",2020-07-15
6941,Great!,3,male,"Kumasi, Ghana",2019-03-07
6942,"Any Tinder employee reading this, my account got banned right after creating it, did not even let me see the interface of the app. Straight up BAN!!! And the reason? I violated some guidelines",3,male,"Manchester, United Kingdom",2018-01-19
6943,"Can't access Tinder, any chance of being unbanned? 🤷‍♂️",3,male,"Vancouver, Canada",2019-09-08
6944,"Languages in South Africa, except for seven total, are relatively limited.",3,female,"Suva, Fiji",2021-02-26
6945,Congratulations on your functions being accessible only through payment...,3,male,"Vienna, Austria",2017-05-10
6946,Not too shabby either.,3,male,"Abu Dhabi, United Arab Emirates",2018-03-12
6947,Great job! Keep it up!,3,male,"Rome, Italy",2017-05-15
6948,Inspires individuals to achieve success through their own efforts.,3,male,"Cairo, Egypt",2018-11-21
6949,Great implementation!,3,male,"Arequipa, Peru",2020-05-30
6950,Thank you all for your kind words.,3,male,"Calgary, Canada",2019-09-22
6951,"Now, what's next on your list of things that have mysteriously disappeared or been taken away from you? 🙄🤷‍♂️",3,male,"Bangkok, Thailand",2018-10-05
6952,Unlocking premium benefits comes at a cost; consider your needs carefully.,3,male,"Manila, Philippines",2018-08-02
6953,That cost is quite high.,3,female,"Port Moresby, Papua New Guinea",2021-05-02
6954,Great tool!,3,male,"Manila, Philippines",2018-06-16
6955,Absolutely amazing!,3,male,"Dublin, Ireland",2017-12-16
6956,"Enjoying life in Kansas City, MO! Can't wait for another adventure.",3,male,"Montevideo, Uruguay",2020-07-29
6957,Great!,3,male,"Nairobi, Kenya",2019-01-23
6958,"Thank you for your feedback. We appreciate that paying via credit/debit cards can be challenging sometimes, so we offer a complimentary upgrade option if needed. Please let us know how to proceed!",3,male,"Monterrey, Mexico",2019-09-04
6959,"The recent changes have made it difficult to interact with the platform, especially regarding selecting text for translation or navigating through information efficiently. The increased scrolling requirements are also a significant inconvenience compared to before when everything was",3,male,"Ottawa, Canada",2019-07-03
6960,Great!,3,female,"Rosario, Argentina",2020-08-06
6961,"I understand how frustrating this must be, especially when you feel like your efforts to improve are being overlooked or blocked by others' actions on Tinder. It's important that everyone feels valued and heard in their",3,male,"Guayaquil, Ecuador",2020-03-24
6962,"I agree, bots and scammers are rampant! It's frustrating how often they show up in my area on WhatsApp or similar platforms. Wouldn't it be entertaining to read through all these interactions? I",3,female,"Suva, Fiji",2021-01-27
6963,This application falls short in its ability to handle personalized communication effectively.,3,male,"Accra, Ghana",2019-01-20
6964,"Finding genuine connections is tough, especially when Tinder suggests nobody’s available nearby - tricky!",3,male,"Kumasi, Ghana",2019-02-13
6965,Absolutely avoid receiving alerts and updates.,3,male,"Shanghai, China",2018-04-07
6966,Great!,3,male,"Santa Cruz, Bolivia",2020-04-26
6967,F*cked up!,3,male,"Calgary, Canada",2019-07-12
6968,"You didn’t need Tinder, right? It’s just about chatting with others.",3,female,"Brisbane, Australia",2021-05-03
6969,"That's understandable, though it seems like Tinder+ might be a bit misleading at times. It’s okay to have doubts about subscription services sometimes!",3,male,"Delhi, India",2018-07-31
6970,"The app works well most of the time, just occasionally having issues.",3,male,"Zurich, Switzerland",2018-02-12
6971,Alright then.,3,male,"Paris, France",2017-08-23
6972,"""Dumpster fire indeed - ours.""",3,male,"Harare, Zimbabwe",2019-02-22
6973,"Understood! Here's your unique comment without any additional words:

**Not**

This is already sufficient as it conveys exactly what you asked for.",3,male,"Austin, United States",2019-10-30
6974,Seriously? This shouldn’t be happening! 😱,3,female,"Montevideo, Uruguay",2020-08-15
6975,Got it!,3,male,"Lagos, Nigeria",2019-01-24
6976,"MMR based, but definitely worth checking out for good photos and valid identification; no need to be a Casanova! Tinder's issues with showing old matches are frustrating.",3,male,"Osaka, Japan",2018-10-14
6977,"I understand your frustration, especially with apps that don’t respect user privacy or functionality due to free access restrictions. It’s unfortunate when notifications lead you astray and cause unnecessary losses in matches. Perhaps there",3,male,"Bangkok, Thailand",2018-09-01
6978,Could you please explain further so I can grasp it better?,3,female,"Medellín, Colombia",2020-08-04
6979,"Notifications behave unpredictably between matching, messaging, and advertisements. However, everything functions as intended in other contexts! 😅",3,female,"Adelaide, Australia",2020-10-01
6980,"""Too much sameness leads to shallow interactions.""",3,female,"Brisbane, Australia",2021-02-08
6981,Exactly what you need!,3,male,"Karachi, Pakistan",2018-07-14
6982,It’s pleasant yet many functionalities demand an upgrade fee.,3,male,"Taipei, Taiwan",2018-06-29
6983,"Even with Platinum status and after purchasing 10 boosts, Tinder still rarely shows my profile to anyone because they aim for solitude instead of engagement. I'd prefer being alone without having to pay. The",3,female,"Port Moresby, Papua New Guinea",2021-01-17
6984,It’s very cute 😊,3,male,"Stockholm, Sweden",2018-01-17
6985,Mid point.,3,female,"Brisbane, Australia",2020-12-24
6986,Facebook Dating offers no cost when it's convenient for those unaware of its features and benefits.,3,male,"Bangkok, Thailand",2018-03-25
6987,"Users behave like automated systems, making interactions feel artificial. Despite app functionality being satisfactory, nearly all users fail to engage beyond initial matching and five messages before disappearing online.",3,female,"Lima, Peru",2020-08-21
6988,Surely some choices must be left unexplored this time around.,3,female,"Adelaide, Australia",2020-12-06
6989,"Thank you for your positive feedback! I'm glad to hear that despite its popularity, the application is still reliable. It's important to me as well.",3,male,"Pretoria, South Africa",2019-01-28
6990,Absolutely pricey!,3,male,"Asunción, Paraguay",2020-04-27
6991,"You thought you'd get better results with unlimited likes, huh?",3,male,"Birmingham, United Kingdom",2017-11-08
6992,"Designed exclusively for exceptional individuals, with minimal customization options available. No need to apply filters or bios; enjoy unlimited access!",3,male,"Vienna, Austria",2017-09-22
6993,Thank you for reaching out. We're sorry to hear about your issue with Tinder Platinum renewal and our system blocking access through a specific phone number. Please provide any additional details or steps we can take to,3,male,"Krakow, Poland",2017-10-10
6994,Excellent work!,3,male,"Mexico City, Mexico",2020-01-23
6995,Great dating platform!,3,male,"San Jose, United States",2019-12-09
6996,Excellent!,3,male,"Buenos Aires, Argentina",2020-05-24
6997,Great!,3,male,"Munich, Germany",2017-10-31
6998,"The application cleverly exploits isolation, making substantial profits despite its functionality.",3,male,"Rio de Janeiro, Brazil",2020-05-07
6999,Great job catching that! Keep up the good work with all your efforts.,3,male,"Marrakesh, Morocco",2019-04-29
7000,Great!,3,male,"Mumbai, India",2018-10-23
7001,Why do people continue to make such a fuss about billing issues when they're already having trouble using the language feature? It's getting ridiculous.,3,male,"Prague, Czech Republic",2017-10-01
7002,Great!,3,male,"Ho Chi Minh City, Vietnam",2018-04-15
7003,"Thankfully, adding voice and video recording capabilities along with message saving and muting would elevate this application significantly!",3,male,"Abuja, Nigeria",2018-10-31
7004,That's good enough!,3,male,"Philadelphia, United States",2019-09-13
7005,I think it would be better for users to get a free trial of the subscription before committing.,3,male,"Barcelona, Spain",2017-09-15
7006,Absolutely! A photo picker with a hierarchical view similar to your existing folders would greatly enhance organization and ease of use for users looking through old photos/videos. Thank you for considering this suggestion.,3,male,"Brussels, Belgium",2017-08-22
7007,"""Money may bring some things, but true love comes from within.""",3,male,"Dar es Salaam, Tanzania",2019-01-15
7008,"People who frequent this platform seem idle and aimless. Why do they spend their time there? Honestly, it's frustrating.",3,male,"Toronto, Canada",2019-08-06
7009,Insufficient flexibility allowed.,3,female,"Gold Coast, Australia",2021-05-02
7010,I really like how well-designed and user-friendly this application is!,3,male,"Seville, Spain",2017-12-14
7011,"The application occasionally collapses, failing to meet expectations for all users.",3,male,"Frankfurt, Germany",2018-01-30
7012,"Understandable; however, my budget doesn't allow it.",3,male,"Edinburgh, United Kingdom",2017-12-28
7013,"Well, it's fine as long as you don’t have to shell out money for matchmaking. That just feels a bit unfair!",3,female,"Suva, Fiji",2020-11-28
7014,The app works well overall though photo verification should be highlighted as it's been tricked by two scammers; they quickly redirect to WhatsApp and try selling crypto. Stay vigilant!,3,male,"Kuala Lumpur, Malaysia",2018-08-12
7015,I just want to know if there's any truth in what you're showing as original notes and why we need to pay multiple times for ads on social media when chatting is supposed to be free. Is,3,male,"Jerusalem, Israel",2018-10-16
7016,Great!,3,male,"Riyadh, Saudi Arabia",2018-07-20
7017,See you soon here.,3,male,"Paris, France",2017-07-08
7018,Works great for those who pay.,3,male,"Doha, Qatar",2018-05-02
7019,"""Apps frequently squeeze users for additional fees.""",3,male,"Lahore, Pakistan",2018-05-06
7020,Great! 😊,3,male,"São Paulo, Brazil",2020-02-11
7021,Great!,3,female,"Sydney, Australia",2021-02-23
7022,Finding love through Tinder sounds like an exciting adventure!,3,male,"Boston, United States",2019-08-13
7023,Great news! Your previous interactions have been reset successfully.,3,male,"Paris, France",2018-01-31
7024,Great! I'm looking forward to partnering with you.,3,male,"Warsaw, Poland",2017-12-31
7025,Great!,3,male,"Rome, Italy",2018-02-04
7026,Thank you for your valuable assistance!,3,male,"Athens, Greece",2018-03-03
7027,"It feels untrustworthy that they hide genuine options, forcing payment for what seems unreliable.",3,female,"Gold Coast, Australia",2020-11-19
7028,"Got it! Sending photos is definitely next on our list, right?",3,male,"Marseille, France",2017-06-10
7029,I truly enjoy it too!,3,male,"Fortaleza, Brazil",2020-05-23
7030,"The subscription adds convenience; otherwise, it functions well independently. Notifications occasionally interrupt peace of mind.",3,female,"Melbourne, Australia",2020-11-10
7031,My Tinder account is refusing my request for subscription updates.,3,female,"Sydney, Australia",2021-01-09
7032,"Programming and software development hold my passion too, much like other hobbies I enjoy.",3,male,"Casablanca, Morocco",2019-02-20
7033,Okay then...,3,male,"Munich, Germany",2017-12-31
7034,"Now, only about 1 in 100 can access them freely.",3,female,"Sydney, Australia",2021-02-14
7035,"""Something deserves no cost due to its widespread popularity.""",3,male,"Lyon, France",2017-07-02
7036,Good app; only downside is limited features for free users.,3,male,"Durban, South Africa",2018-12-11
7037,The app tricks users into believing messages are real when none exist.,3,female,"Gold Coast, Australia",2020-11-13
7038,Got another reminder about verifying through face/photo. Must have changed something!,3,male,"Lusaka, Zambia",2019-01-07
7039,You've yet to find any results since your application converts units from miles to kilometers.,3,male,"Rosario, Argentina",2020-02-09
7040,"Sure! Here’s an alternative comment that conveys the same message:

---

It's quite reasonable; however, once you hit zero likes and can't afford to upgrade from free. The price is prohibit",3,male,"Accra, Ghana",2019-04-15
7041,Wish for flexibility in choosing your location next time!,3,male,"Montevideo, Uruguay",2020-06-15
7042,"Lots of chatbots! Hopefully, I'll meet someone soon.:/",3,male,"Ottawa, Canada",2019-10-23
7043,Absolutely right; it would be unfair if only those with certain traits were charged higher rates.,3,male,"Guayaquil, Ecuador",2020-04-20
7044,That's great!,3,male,"Arequipa, Peru",2020-04-11
7045,😊,3,male,"Valencia, Spain",2017-05-21
7046,Great! Just download and install it; you won’t be charged for using this free service.,3,female,"Perth, Australia",2021-02-09
7047,"People aren’t very engaged, they’re using up all of your resources. I believe that inactive individuals shouldn't even have a place in front of us anymore... only those who stay active should be on",3,male,"San Antonio, United States",2019-11-24
7048,😊😊😊,3,male,"Birmingham, United Kingdom",2017-06-05
7049,"Truthfully, Tinder feels akin to fishing in an abundant pond where only select and high-quality catches are desired.",3,male,"Vienna, Austria",2018-01-22
7050,Can't imagine how this will unfold for you now?,3,male,"San Jose, United States",2019-06-26
7051,"Thank you for your question; we've received it and will address this matter promptly. Please ensure to follow our guidelines carefully, as any additional details could help in providing a solution faster.

Best regards,",3,male,"Riyadh, Saudi Arabia",2018-07-16
7052,"Final updated review: Paying for the service. The app is okay, as long as it's most people’s choice and best selection can be found here. A few bugs but no big deal.",3,male,"Dublin, Ireland",2017-11-26
7053,"Dark mode is great! Just adding a height preference option would make it even better for everyone, I think. And while we're at it, why don’t you consider removing those annoying duplicate bios on",3,male,"Shenzhen, China",2018-09-11
7054,"Understandably frustrating, considering you cherished that particular individual.",3,male,"Ottawa, Canada",2019-12-04
7055,This change has made using your application significantly less convenient.,3,male,"Montevideo, Uruguay",2020-04-12
7056,"""Indeed, this application runs smoothly without any glitches.""",3,male,"Copenhagen, Denmark",2017-08-31
7057,Great!,3,male,"Shanghai, China",2018-04-05
7058,Looking forward to seeing likes!,3,male,"Quebec City, Canada",2019-06-25
7059,Great tool!,3,male,"Lusaka, Zambia",2018-10-30
7060,Great!,3,male,"Rome, Italy",2017-05-14
7061,"Indeed, it's both easy and well-thought-out; unfortunately lacking in long-term vision and practical implementation.",3,male,"Guayaquil, Ecuador",2020-07-14
7062,"That makes sense; many responses were absent, so it's likely only part genuine.",3,male,"Los Angeles, United States",2019-07-23
7063,"It feels like no progress is being made, and meeting someone seems impossible. Hope this changes soon!",3,male,"Jerusalem, Israel",2018-09-02
7064,Great overall experience except privacy feature is too restrictive.,3,male,"Rabat, Morocco",2019-02-26
7065,"I remain unimpressed thus far, yet with patience, there's still hope!",3,male,"Cape Town, South Africa",2019-01-04
7066,"despite challenges, everything works out well in the end",3,male,"Rio de Janeiro, Brazil",2020-04-03
7067,Free users can't view your SuperLikes; it's pointless then.,3,male,"Durban, South Africa",2019-06-08
7068,Great!,3,male,"Montreal, Canada",2020-01-04
7069,Absolutely no cost should apply.,3,female,"Sydney, Australia",2021-04-02
7070,"Understandably, privacy is valued. Reduced visibility aligns with cost savings for clients.",3,male,"Ottawa, Canada",2019-06-28
7071,"Love is just another thing you'll never truly have, right? Cool! 🎉",3,male,"Singapore, Singapore",2018-07-14
7072,It would also be great if there were some kind of recognition for being part of something free.,3,female,"Christchurch, New Zealand",2021-03-13
7073,"I'm glad to hear dark mode is functioning again. It seems like a combination of factors might be causing this issue, including an Android update and possibly changes in your device's settings or permissions related to",3,male,"Lyon, France",2018-01-24
7074,"This is just fine as it stands, maintaining its original message.",3,male,"Dublin, Ireland",2017-12-03
7075,Text input for adding messages about liking something isn't very good.,3,male,"Johannesburg, South Africa",2018-11-10
7076,"The app needs better accessibility without forcing users into financial constraints for basic features, making it less inclusive and enjoyable overall. Let’s improve its inclusivity!",3,male,"Karachi, Pakistan",2018-10-03
7077,Keep meeting transgender women! Haha~,3,male,"Phuket, Thailand",2018-08-27
7078,The user has been using an application without any problems for one full year and suddenly faced being permanently blocked.,3,male,"Vancouver, Canada",2019-08-01
7079,This issue is making navigation through your profile extremely frustrating.,3,male,"Riyadh, Saudi Arabia",2018-04-30
7080,"I met my husband through a dating app three years ago, which was quite coincidental! Now that we're divorced after five awful years of abuse and lies, I'm grateful for our 3-year",3,male,"San Jose, United States",2019-10-01
7081,excellent,3,male,"Nairobi, Kenya",2019-02-08
7082,Great!,3,male,"Seattle, United States",2019-06-24
7083,"I've been enjoying using the app until it requires photo verification, which doesn’t work as expected and uninstalling/reinstalling didn't resolve the issue. Reporting the problem hasn't led to any assistance",3,male,"Johannesburg, South Africa",2019-01-27
7084,Needs financial resources.,3,male,"Jeddah, Saudi Arabia",2018-07-18
7085,Great improvements needed!,3,male,"Hong Kong, China",2018-04-26
7086,Absolutely right; it's essential to reward users proactively.,3,male,"Addis Ababa, Ethiopia",2019-01-16
7087,This is frustrating because it feels repetitive seeing similar people listed everywhere.,3,male,"Monterrey, Mexico",2019-08-17
7088,"I understand your frustration with Tinder's policies, tbh. It can be disappointing when you feel like they're keeping things secret from users who follow their guidelines closely.",3,male,"Rabat, Morocco",2019-06-11
7089,Great!,3,male,"San Francisco, United States",2019-10-13
7090,It seems like most interactions are from bots.,3,male,"Berlin, Germany",2017-07-13
7091,"This issue is frustratingly persistent, isn't it?",3,male,"Frankfurt, Germany",2017-07-13
7092,What strategies have you employed for success in this process so far?,3,male,"Mumbai, India",2018-09-09
7093,Great!,3,male,"Warsaw, Poland",2017-11-18
7094,This is reportedly one of the safest dating apps available.,3,male,"Bangalore, India",2018-03-18
7095,Could you please ensure that your application is also usable by individuals with visual impairments?,3,female,"Suva, Fiji",2021-04-16
7096,"""Many features fail when attempting normal usage.""",3,male,"Birmingham, United Kingdom",2017-12-26
7097,"Fingers crossed for the very best outcome.

**Necessary Comment:** Hopefully, everything turns out perfectly well.",3,male,"Glasgow, United Kingdom",2017-11-29
7098,"Great deal! Just remember, though, fees apply for full functionality.",3,female,"Guayaquil, Ecuador",2020-08-25
7099,Messages can arrive after several months or appear as notifications without being included in your current list.,3,male,"São Paulo, Brazil",2020-03-23
7100,"You've gained valuable insights by interacting with genuine individuals versus those posing as scams. Always prioritize authenticity in interactions, especially when dealing with financial information like bank accounts. Trust is crucial here!",3,male,"Cairo, Egypt",2019-01-21
7101,"Not accommodating changes leads to regretful outcomes and missed chances, causing frustration.",3,male,"Vancouver, Canada",2019-07-22
7102,"Certainly, here's an alternative version:

---

Early times; figuring it out tricky for sending messages.",3,male,"Cali, Colombia",2020-05-18
7103,"Overall it's decent but don't expect meaningful connections; if short-term flings are all you're looking for, this app is perfect. Also, please prioritize user safety by being stricter with age verification",3,male,"Buenos Aires, Argentina",2020-02-12
7104,"I wish there was an option to share that parenthood is a journey, where having children doesn’t preclude wanting them again.",3,male,"Krakow, Poland",2017-11-04
7105,Got it!,3,male,"Santiago, Chile",2020-05-08
7106,Possibly without cost.,3,male,"Jacksonville, United States",2019-10-12
7107,Great!,3,male,"Shenzhen, China",2018-07-12
7108,Absolutely supportive!,3,male,"Casablanca, Morocco",2019-01-21
7109,Things really shouldn't be harder than they already are.,3,male,"Amsterdam, Netherlands",2017-12-04
7110,Yep! That's pretty odd too. 🤔,3,male,"Guayaquil, Ecuador",2020-02-13
7111,"It’s quite reasonable, yet it requires payment for most premium features. These functionalities are essential and shouldn’t come at a cost.",3,male,"Guadalajara, Mexico",2019-07-20
7112,Got it!,3,female,"Wellington, New Zealand",2021-01-05
7113,Let's consider it as an invitation instead.,3,male,"Amsterdam, Netherlands",2017-09-03
7114,"The application fails to accurately portray realistic female content, making its functionality dependent on a paid subscription.",3,male,"Harare, Zimbabwe",2019-06-06
7115,App seeking financial gain...,3,male,"Budapest, Hungary",2018-02-25
7116,"Savor each moment while you can! Enjoy life fully now, for tomorrow might never come.",3,male,"Lisbon, Portugal",2017-08-07
7117,The dating app is great despite its limitations.,3,male,"Dubai, United Arab Emirates",2018-10-21
7118,Religion holds significant importance for some individuals.,3,male,"Washington DC, United States",2019-08-25
7119,Please be cautious with excessive requests of personal information and notifications.,3,female,"Queenstown, New Zealand",2020-11-16
7120,Great feature! Just missing photo upload capability for seamless sharing.,3,male,"Tunis, Tunisia",2019-03-14
7121,Great app!,3,male,"Birmingham, United Kingdom",2017-11-11
7122,This is essential for maintaining privacy and avoiding confusion.,3,male,"Quito, Ecuador",2020-06-10
7123,Can't wait for Tinder's assistance in finding compatible singles!,3,female,"Nadi, Fiji",2021-03-01
7124,Still mulling over it.,3,male,"Los Angeles, United States",2019-06-27
7125,Exactly as expected.,3,male,"Delhi, India",2018-08-16
7126,Could you please specify what unit system your device or application uses for measuring heights?,3,male,"Riyadh, Saudi Arabia",2018-06-09
7127,"Great idea to make it shorter and sweeter with ""Fwb"" for Free Tonight, ""Lovers"" for Let's be friends, and ""Gay"". Love that!",3,male,"Guangzhou, China",2018-10-14
7128,Great!,3,male,"Kumasi, Ghana",2019-02-01
7129,Very good indeed!,3,male,"Calgary, Canada",2020-01-08
7130,"Absolutely right; no freebies allowed, only expenses for them.",3,male,"Birmingham, United Kingdom",2017-08-15
7131,Absolutely ridiculous that they limit how many times a regular user can like posts without having to upgrade their account!,3,male,"Dallas, United States",2019-12-10
7132,"Subrang ladies, it's okay if you don't have money for this. 🌟",3,male,"Cali, Colombia",2020-05-16
7133,Great!,3,male,"Tripoli, Libya",2019-02-17
7134,Options Granted,3,male,"Dar es Salaam, Tanzania",2019-04-22
7135,"Some individuals might be seeking attention through inappropriate content, while others genuinely aim to find their lost bones. I wish all were thinking of something positive instead!",3,male,"Lyon, France",2017-10-26
7136,There's an abundance of imposter accounts using others' images online.,3,male,"Caracas, Venezuela",2020-04-17
7137,"Finding true love isn't easy on Tinder either, especially when it comes to winning someone over beyond just casual connections.",3,male,"Tel Aviv, Israel",2018-05-12
7138,I'm looking for someone special too!,3,female,"Perth, Australia",2020-09-22
7139,"The company's arrogance towards customer feedback has reached an unacceptable level, leading them to overlook legitimate concerns about usability improvements on a dating app interface. It’s clear they prioritize their brand size over genuine interaction with",3,male,"Seville, Spain",2017-08-02
7140,Great start! Just a few tweaks for variety...,3,male,"Cancun, Mexico",2019-11-23
7141,Users frequently ask for a login option.,3,male,"Hamburg, Germany",2017-07-13
7142,"Given options, mostly find chats with people nearby at most a 100km distance.",3,male,"Santa Cruz, Bolivia",2020-02-20
7143,"You haven’t accessed your Inbox, so you cannot message group members.",3,male,"Dublin, Ireland",2017-10-31
7144,"The app assumes control of how close you want to be and misrepresents distances inaccurately, placing distant locations within an unrealistic range!",3,male,"Warsaw, Poland",2018-02-11
7145,Great!,3,male,"Dallas, United States",2019-12-10
7146,It’s an excellent starting point despite its high cost.,3,male,"Arequipa, Peru",2020-07-19
7147,"""Plataforma melhorada, mas menos fluída.""",3,male,"Kumasi, Ghana",2018-12-05
7148,That's strange; it seems like your photos might be way off due to an issue with location accuracy.,3,male,"Lima, Peru",2020-07-06
7149,Still encountering issues with fake profiles and difficult matchmaking.,3,male,"Zurich, Switzerland",2018-01-23
7150,I agree; profiles without photos are often questionable.,3,female,"Caracas, Venezuela",2020-09-05
7151,Okay then.,3,male,"Córdoba, Argentina",2020-07-20
7152,I really enjoy this too!,3,male,"Oslo, Norway",2018-02-25
7153,Great suggestions! Need better translation too.,3,female,"Adelaide, Australia",2021-03-12
7154,Many false accounts unfortunately exist.,3,male,"Alexandria, Egypt",2019-03-27
7155,The system is experiencing numerous issues recently.,3,male,"Philadelphia, United States",2019-12-02
7156,"You've been trying to verify multiple times, yet continue facing errors each time you attempt it. Everything is restricted behind a paywall, making access challenging. Additionally, many of your requests don't appear",3,male,"Lusaka, Zambia",2019-04-30
7157,Filters often incorrectly apply themselves to selections frequently.,3,male,"Oslo, Norway",2017-07-05
7158,Okay then...,3,male,"Bangkok, Thailand",2018-10-07
7159,You need to reactivate your account first before deleting it.,3,male,"Vancouver, Canada",2019-06-19
7160,Searching for genuine connections in relationships.,3,male,"Jacksonville, United States",2019-07-31
7161,I agree that finding actual connections is valuable. The cost structure should reflect this better instead of forcing everyone into premium membership just to access features you actually want or need.,3,female,"Adelaide, Australia",2021-03-29
7162,Great choice! The alternative offers are far better value at this cost.,3,male,"Boston, United States",2019-10-13
7163,Absolutely right! Too costly is exactly what I meant.,3,male,"Berlin, Germany",2017-11-14
7164,Not functioning properly; restart causes immediate shutdown again.,3,male,"Tripoli, Libya",2019-05-03
7165,There's an abundance of inactive or redundant user accounts.,3,male,"Boston, United States",2019-09-28
7166,"People informally state that once an account is disabled, there's no access to any data.",3,male,"Mumbai, India",2018-04-06
7167,Many people encounter fraudulent profiles while using Tinder.,3,male,"Kampala, Uganda",2019-05-16
7168,"Great app until someone hacks your account, gets banned due to a fake photo.",3,male,"Nairobi, Kenya",2019-05-19
7169,It's great!,3,male,"Helsinki, Finland",2017-05-23
7170,"""Koi baat hai.""",3,male,"Oslo, Norway",2017-10-11
7171,"""I am eagerly awaiting our reunion.""",3,female,"Rio de Janeiro, Brazil",2020-07-28
7172,This software exhausts me completely.,3,male,"Monterrey, Mexico",2019-11-21
7173,You've been temporarily suspended for an account you’ve used consistently. How might I assist in reactivating it?,3,male,"Athens, Greece",2017-07-20
7174,Uploading photos isn't recommended.,3,male,"Mexico City, Mexico",2019-12-16
7175,"""Offer free basic service with options available on subscription.""",3,male,"Accra, Ghana",2019-04-09
7176,"While I waited for my upgrade, I missed out on half a dozen potential matches...eventually. No in-app help at all - need to complain publicly if you want assistance with the app. All",3,female,"Canberra, Australia",2021-03-17
7177,"""Unexpectedly, it feels like Tinder with its slick design and bold visuals - just missing out on those eye-catching transitions.""",3,female,"Brisbane, Australia",2020-12-18
7178,"Many impostors exist, making it challenging for accurate tracking.",3,female,"Queenstown, New Zealand",2020-09-25
7179,Great job!,3,male,"Athens, Greece",2017-11-13
7180,"""Options abound, yet they're beyond budget and feature-rich enough.""",3,male,"Mexico City, Mexico",2019-10-20
7181,Too numerous advertisements.,3,male,"Asunción, Paraguay",2020-02-27
7182,"I dream of living somewhere where everyone radiates enthusiasm instead of being just okay-looking. It's frustrating to feel hungry for food yet never eat anything because I'm afraid it won't impress others, especially",3,female,"Auckland, New Zealand",2021-02-06
7183,"Enjoying cooking, cleaning, walking after a meal in Italy and Spain.",3,female,"Melbourne, Australia",2020-10-04
7184,Direct chats are preferable; lengthy waits for others to initiate contact aren't ideal.,3,male,"Nairobi, Kenya",2019-01-26
7185,Poor internet connection.,3,male,"Warsaw, Poland",2018-01-11
7186,Requesting substantial funds.,3,male,"Lagos, Nigeria",2019-04-05
7187,"Sure enough, it's quite straightforward.",3,female,"Sydney, Australia",2021-01-08
7188,"Absolutely, I'm also unsure if it's as efficient yet!",3,male,"Salvador, Brazil",2020-04-23
7189,"People should take dating seriously and plan to see someone face-to-face rather than just spending time online. Tinder could offer both audio and video calling options, linking profiles for a better understanding of each other's",3,male,"Rome, Italy",2017-07-17
7190,Pressing frequently causes issues; try reducing button presses.,3,male,"Abu Dhabi, United Arab Emirates",2018-03-28
7191,"I agree; sometimes having additional features would be nice too. Overall though, I'm satisfied with what I've got.",3,male,"Houston, United States",2019-10-22
7192,"""Good luck with both! Enjoy!""",3,male,"Santiago, Chile",2020-05-07
7193,Very narrow perspective with only basic features available.,3,male,"Jacksonville, United States",2019-11-06
7194,Great start; let's see where this journey takes us!,3,female,"Wellington, New Zealand",2021-03-13
7195,Got it!,3,male,"Dar es Salaam, Tanzania",2019-06-03
7196,Of course!,3,male,"Harare, Zimbabwe",2019-05-02
7197,"Now, unable to connect with previous dates due to phone malfunction.",3,male,"San Jose, United States",2019-07-11
7198,Great!,3,male,"Frankfurt, Germany",2017-10-03
7199,It’s simply an anticipation period.,3,male,"Lisbon, Portugal",2018-03-03
7200,Great idea! Let me know if you need anything else.,3,male,"Marrakesh, Morocco",2018-11-16
7201,Try again or check your credentials.,3,male,"Zurich, Switzerland",2017-09-30
7202,Excellent application!,3,male,"Stockholm, Sweden",2017-06-28
7203,We have nothing until we part with something.,3,male,"Rome, Italy",2017-08-05
7204,I'm really frustrated with this app; it's completely unfair to take away all of your hard-earned subscription without any compensation or explanation. How can you justify taking my money and banning me for no,3,male,"Brasília, Brazil",2020-06-30
7205,Great start! Looking forward to your feedback soon.,3,male,"La Paz, Bolivia",2020-04-18
7206,"""Expensive beyond reason!""",3,male,"Rabat, Morocco",2019-03-16
7207,Many funds will need compensation.,3,male,"Vancouver, Canada",2020-01-25
7208,"Him as nm nm... read, bum zna re see xxx ax bn wa at xc him mm zg mg zm.",3,male,"Warsaw, Poland",2018-01-17
7209,"Indeed, striving for excellence is key.",3,male,"Cali, Colombia",2020-05-04
7210,"Got it, no worries about adding your card info. Just wanted to make sure if there's another way around this without involving a Google Play account?",3,male,"Nairobi, Kenya",2019-03-04
7211,Great!,3,male,"La Paz, Bolivia",2020-04-30
7212,Great!,3,male,"Kuala Lumpur, Malaysia",2018-10-02
7213,"This dating app is user-friendly with plenty of activity. They've removed social media bios for better privacy. Prices have risen; glitches occasionally show profiles multiple times, and I believe there should be stronger reasons",3,male,"Kumasi, Ghana",2019-05-25
7214,"Tinder: How can you justify such high monthly premium pricing? If Netflix and Crave spend millions on improvements, shouldn't they offer a better deal for their customers instead of charging 1/2",3,female,"Queenstown, New Zealand",2020-11-05
7215,Great work! Keep it up!,3,female,"Sydney, Australia",2020-10-22
7216,Let's get even more likes!,3,female,"Suva, Fiji",2020-11-29
7217,I'm glad you're enjoying Tinder again. It's great to see your old habits resurfacing with such ease on a fresh device!,3,male,"Warsaw, Poland",2017-06-27
7218,A great website with some instances of ghosting.,3,male,"San Diego, United States",2019-08-13
7219,"This obsession with financial aspects in Tinder's approach towards relationships is truly unsettling, as it trivializes what should be about genuine connection rather than just monetary value.",3,male,"Addis Ababa, Ethiopia",2019-02-11
7220,Great job with Tinder! Keep it strong and steady.,3,male,"Rome, Italy",2017-09-02
7221,Great progress thus far!,3,male,"Glasgow, United Kingdom",2017-12-23
7222,"""Samsung Fold 4's exploration feature is constantly resetting. Needing multiple reboots just to regain functionality.""",3,male,"Jeddah, Saudi Arabia",2018-04-22
7223,What's causing this recurring update when setting up?,3,male,"Santiago, Chile",2020-06-18
7224,There should be fewer barriers set up for accessing content within the application.,3,male,"Lusaka, Zambia",2018-12-31
7225,"Ah, Tinder is just another dating app where everyone uses it too.",3,male,"Toronto, Canada",2019-12-17
7226,"So many bots and fakes, unless paid attention to disappear entirely. People are present yet interactions remain rare and sporadic compared to other options that can spark conversations.",3,female,"Hobart, Australia",2021-04-20
7227,"There are indeed issues related to detecting genuine users among bot promotions, as only eight individuals out of those matched with real accounts turned out to be legitimate. Half were bots attempting deceptive tactics using specific characters for",3,male,"Hamburg, Germany",2017-11-17
7228,Finding profiles liking someone on Tinder without paying isn't straightforward.,3,male,"Rio de Janeiro, Brazil",2020-03-03
7229,Your device is lagging behind in processing notification requests.,3,male,"Santa Cruz, Bolivia",2020-04-21
7230,Great!,3,male,"Rome, Italy",2017-10-10
7231,"The app has a straightforward setup process, quick profile creation, easy matching & messaging functionality, with significant features for upgrade potential that come at an expense of poor customer support. Contacting multiple support personnel yielded",3,male,"Jeddah, Saudi Arabia",2018-10-15
7232,Great work!,3,male,"Phuket, Thailand",2018-06-24
7233,Great!,3,male,"Casablanca, Morocco",2018-11-15
7234,Very intuitive with ample options available.,3,male,"Bogotá, Colombia",2020-02-09
7235,"This app offers fantastic opportunities to meet new folks, just imagine how it could enhance your social life! However, its primary downfall is a lack of support in video calls which significantly reduces user engagement. As",3,male,"Valencia, Spain",2017-10-24
7236,This issue makes tracking updates difficult and confusing.,3,male,"Philadelphia, United States",2019-09-22
7237,"Now, you're stuck without access to the app.",3,male,"Hanoi, Vietnam",2018-07-30
7238,Why do we give so much for something that could be free? 🤔,3,male,"Dallas, United States",2019-09-15
7239,"For an unknown reason, it exhibits significant bugs.",3,male,"Tokyo, Japan",2018-08-24
7240,Great job!,3,male,"Brussels, Belgium",2017-07-21
7241,"That's puzzling; usually, proximity or age filters don't affect visibility unless explicitly stated in your privacy preferences. Perhaps try adjusting these settings to see if that resolves it?",3,male,"Kampala, Uganda",2019-04-04
7242,Great!,3,male,"Washington DC, United States",2019-07-03
7243,Great!,3,female,"Wellington, New Zealand",2020-12-11
7244,"This app is confusingly expensive, even for gold users. It's frustrating that platinum status requires such a significant upgrade just to message people who match or like your profile. Unsubscribing and uninstall",3,male,"Jerusalem, Israel",2018-04-15
7245,"""Verdade, parece que todos têm algo pra criticar aqui!""",3,male,"Marrakesh, Morocco",2019-05-17
7246,That app is truly delightful and I enjoy using it immensely!,3,female,"La Paz, Bolivia",2020-09-14
7247,Great job!,3,male,"Accra, Ghana",2019-01-31
7248,Take action regarding the bot issue.,3,female,"Brisbane, Australia",2021-02-11
7249,Great!,3,male,"Arequipa, Peru",2020-05-16
7250,Great NYC app suggestions!,3,male,"Beijing, China",2018-09-09
7251,"I understand you're experiencing issues with your app. Let's resolve this together, no need to uninstall or reinstall; we can troubleshoot further!",3,male,"Geneva, Switzerland",2017-06-10
7252,Great idea! Adding support for mobile money subscriptions would enhance user convenience further.,3,male,"Chicago, United States",2019-07-21
7253,"You've found something fantastic, yet it's missing what you specifically seek.",3,male,"Stockholm, Sweden",2017-11-15
7254,Not suitable for cost-free offerings.,3,female,"Auckland, New Zealand",2021-01-27
7255,Why waste your valuable time on apps that don't offer genuine connection or meaningful interactions?,3,male,"Cape Town, South Africa",2019-01-01
7256,Great app! Just wish it didn't break the bank.,3,male,"Shenzhen, China",2018-03-09
7257,That's great!,3,male,"Athens, Greece",2017-09-19
7258,Great! 🎉,3,male,"Bangkok, Thailand",2018-04-01
7259,"Absolutely, it's wise to budget for unexpected expenses as well.",3,male,"Los Angeles, United States",2019-11-28
7260,Great app! Liked it too.,3,female,"Port Moresby, Papua New Guinea",2021-03-24
7261,"Good news! Your profile is now clean, ready for fresh connections today.",3,male,"Milan, Italy",2017-08-14
7262,"I've met many charming and laid-back ladies on this app, highly recommending it for those seeking romance or just a companion online—despite losing my phone due to its use, I'm still hoping",3,female,"Nadi, Fiji",2021-01-12
7263,Most profiles seem to be fake.,3,male,"Chennai, India",2018-04-23
7264,Great software!,3,male,"Santiago, Chile",2020-05-15
7265,"It’s improving, though it remains challenging to distinguish genuine connections from scams due to limitations in tagging features like snaps on platforms.",3,female,"Gold Coast, Australia",2021-04-13
7266,"Certainly! Here's an alternative way of expressing that idea:

""Still unused, but already anticipate improvement.""",3,male,"Tunis, Tunisia",2018-10-28
7267,"As a guy, it's mostly scams. No matter what you're into, 90% of profiles are just after money - to be fair... pretty typical for apps these days.",3,male,"Jacksonville, United States",2019-11-22
7268,Great!,3,male,"Tripoli, Libya",2018-12-27
7269,"I'm sorry, it seems you're experiencing persistent issues with your app. Let's see if we can resolve this together... Thank you for reaching out!",3,male,"Washington DC, United States",2019-11-25
7270,"Understand, I'm here.",3,female,"Melbourne, Australia",2020-12-14
7271,Good luck next time!,3,male,"Munich, Germany",2018-01-26
7272,Fewer options available for users now.,3,male,"Lyon, France",2018-03-04
7273,"Ugh, this is so annoying!",3,male,"Mexico City, Mexico",2019-12-07
7274,That’s fine though I can't seem to make new pals.,3,male,"São Paulo, Brazil",2020-06-10
7275,Understandable - why were you demoted?,3,male,"Quebec City, Canada",2019-07-30
7276,"""Only slightly behind schedule.""",3,male,"Bali, Indonesia",2018-07-06
7277,Thank you for your feedback on our great app! We appreciate it when users share their thoughts and suggestions. Please let us know if we should adjust how we collect information to better serve all of our users,3,male,"New York, United States",2019-10-05
7278,"This is indeed a highly rated and popular option for those seeking casual connections without spending much on apps. However, it's important to note that while this platform excels in its free nature, there are",3,male,"Buenos Aires, Argentina",2020-02-10
7279,"You regretfully acknowledge your dissatisfaction with Tinder Plus, emphasizing that while downloading was initially enjoyable due to its novelty and fun factor, you now recognize its value is minimal.",3,male,"Austin, United States",2019-12-13
7280,"Sure, here's one that maintains the original sentiment without adding any extra words:

---

That’s disappointing. But it seems you don’t connect well with women on there.

---",3,female,"Wellington, New Zealand",2020-12-20
7281,Great choice! The perfect match for finding love is here.,3,male,"Cape Town, South Africa",2019-01-18
7282,Great!,3,male,"Milan, Italy",2017-06-16
7283,Be cautious with scams.,3,male,"Brussels, Belgium",2018-01-01
7284,Absolutely essential for seamless communication!,3,female,"Adelaide, Australia",2021-02-06
7285,Great!,3,male,"Kumasi, Ghana",2019-06-13
7286,"It's nice when you get noticed, even if it means paying for that recognition.",3,male,"Jakarta, Indonesia",2018-04-22
7287,"Tinder could potentially challenge new dating apps, especially when its dehumanizing ego can cause problems for other platforms like Hinge and POF. However, I'm still learning about these applications so they",3,male,"Karachi, Pakistan",2018-05-25
7288,Easy to operate.,3,female,"Hobart, Australia",2021-01-02
7289,excellent,3,male,"Cairo, Egypt",2018-11-26
7290,It's challenging enough without having to spend money on this.,3,male,"San Francisco, United States",2019-11-23
7291,Expireable matches diminish user experience in this application.,3,male,"San Francisco, United States",2019-09-16
7292,Many false claims exist.,3,male,"Boston, United States",2019-10-22
7293,"""Show us your followers' faces, then.""",3,male,"Dakar, Senegal",2019-03-21
7294,This application is depressing; I only deleted it because of my former boyfriend's photos.,3,male,"Hamburg, Germany",2017-07-19
7295,"""End the deception.""",3,male,"Lahore, Pakistan",2018-04-06
7296,"Other than being costly, paywalls hinder access for many users.",3,male,"Athens, Greece",2017-12-12
7297,"Many people engage in activities for monetary gain, often at your expense. It’s disappointing to have such a lackluster experience where visibility is restricted and authenticity questionable.",3,male,"Salvador, Brazil",2020-04-24
7298,Further investigation required regarding this application.,3,male,"Marrakesh, Morocco",2019-05-31
7299,Great idea though it could definitely improve further.,3,male,"Montevideo, Uruguay",2020-06-29
7300,Could you please check if there have been recent changes affecting your account settings?,3,male,"Cairo, Egypt",2019-02-04
7301,Why does every conversation revolve around finances?,3,female,"Adelaide, Australia",2021-04-28
7302,"This issue is due to persistent network problems or incorrect login details, leading to frequent errors in payment attempts on Tinder Gold.",3,male,"Marseille, France",2017-10-11
7303,Performance issues reported.,3,male,"Berlin, Germany",2018-01-20
7304,"The app works well, just feels sluggish at times.",3,male,"Houston, United States",2020-01-26
7305,Disappointing random bill selection.,3,male,"Tel Aviv, Israel",2018-08-19
7306,Finding someone never seems easy online.,3,male,"Marseille, France",2017-10-14
7307,Great application!,3,male,"Cali, Colombia",2020-05-28
7308,This is my absolute favorite!,3,male,"Copenhagen, Denmark",2018-02-07
7309,"Absolutely, it’s great that messaging is back in its original state!",3,male,"Zurich, Switzerland",2017-06-15
7310,Connection attempt has failed so far.,3,female,"Bogotá, Colombia",2020-09-02
7311,Got it; I'll fix whatever issues you're encountering in your application right away!,3,male,"Seattle, United States",2020-01-22
7312,Excellent application!,3,male,"Beijing, China",2018-06-20
7313,Very inconvenient for users.,3,male,"Abuja, Nigeria",2019-05-14
7314,Deleting messages in this application causes significant inconvenience to me.,3,male,"Jeddah, Saudi Arabia",2018-04-26
7315,Affection!,3,female,"Nadi, Fiji",2020-12-18
7316,Understandably frustrated with being banned from Tinder without clear reason. Request immediate cancellation of account fees as compensation is due.,3,male,"Hong Kong, China",2018-05-31
7317,Great app!,3,male,"Chennai, India",2018-03-10
7318,"You're paying dearly just for basic features in this application, essentially robbing you.",3,male,"Mexico City, Mexico",2019-07-03
7319,"I completely understand your frustration and disappointment at encountering fake profiles that try to trick you into thinking they're real. It's unfortunate when people use such low-quality tactics, especially those relying solely on location similarity",3,female,"Guayaquil, Ecuador",2020-08-03
7320,Great!,3,male,"Asunción, Paraguay",2020-05-25
7321,It's quite unreasonable that it should cost less every week.,3,male,"Austin, United States",2019-10-08
7322,"Thanks, it's disappointing that you didn't receive your bonus.",3,female,"Adelaide, Australia",2020-09-28
7323,"""Thank you for your patience; we're working on resolving this issue.""",3,male,"Marseille, France",2017-06-09
7324,Great!,3,male,"Hong Kong, China",2018-04-15
7325,Great!,3,female,"Adelaide, Australia",2021-01-25
7326,"You're right, it's better off trying at a bar instead of wasting time on messages that won't work anyway. The extra stuff is unnecessary since you'll likely have less success going out and talking",3,male,"Tunis, Tunisia",2018-11-18
7327,"Is there any platform where feature requests can be submitted? Inside the app or on the website, I'd appreciate it if visitors and travelers could receive an automatic 'visitor' badge based on their travel distance",3,female,"Perth, Australia",2020-12-23
7328,"Great job, managed through multiple challenges!",3,female,"Wellington, New Zealand",2020-11-14
7329,Not too shabby either.,3,male,"Mombasa, Kenya",2018-11-23
7330,Understandably frustrated with inconsistent account management!,3,female,"Port Moresby, Papua New Guinea",2020-10-02
7331,"Love and hate rarely bring lasting joy; however, their presence ensures your life's journey remains full of unexpected moments.",3,female,"Perth, Australia",2021-02-08
7332,It's expensive.,3,male,"Bali, Indonesia",2018-08-29
7333,It's puzzling how someone could feel they're invisible.,3,male,"Helsinki, Finland",2017-05-19
7334,Got here spotting options now.,3,female,"Perth, Australia",2021-03-09
7335,All profiles cost money; free ones would make things easier and quicker. The range of distances seems too extensive compared to what's been established.,3,male,"Copenhagen, Denmark",2017-10-13
7336,"You've been stuck in limbo forever, nothing has changed since your upgrade.后悔是迟了。",3,male,"Singapore, Singapore",2018-06-10
7337,"""Finding compatibility with the app has always proven challenging, especially after submitting my complaint.""",3,female,"Nadi, Fiji",2021-01-17
7338,Absolutely! I deserve that rating.,3,male,"Nairobi, Kenya",2019-01-07
7339,"""Thank you for considering adding a Dark Mode feature back.""",3,male,"Hanoi, Vietnam",2018-10-18
7340,I'll give it a shot instead.,3,female,"Sydney, Australia",2020-11-08
7341,"Sure, here's an alternative comment that captures the essence without adding any extra words:

Since I haven't even found a close match and still believe there aren’t real people around or it’s Tinder regulating",3,male,"Dakar, Senegal",2019-05-03
7342,Very useful tool; just remember kindness matters too.,3,male,"Rosario, Argentina",2020-03-06
7343,So far and functioning well.,3,female,"Wellington, New Zealand",2021-02-09
7344,"This issue suggests that your application is inadvertently removing some of your matches from conversations. It seems these individuals are no longer accessible through chat functions; they disappear shortly after joining, and their presence isn't reflected",3,male,"Lagos, Nigeria",2018-12-07
7345,"Free version needs a pronoun filter, FYI.",3,male,"Montevideo, Uruguay",2020-06-19
7346,Very sluggish for location updates.,3,male,"Bogotá, Colombia",2020-05-28
7347,Tinder relies on user contributions for its success.,3,male,"Bangalore, India",2018-03-18
7348,No one has crossed your path yet.,3,male,"Fortaleza, Brazil",2020-02-05
7349,That's pretty cool!,3,male,"Kampala, Uganda",2018-10-31
7350,Still uncommitted at this point.,3,male,"Manchester, United Kingdom",2018-02-02
7351,"I'm sorry to hear you faced such a setback, but I hope your account gets reinstated soon. Keep spreading love and positivity!",3,male,"Hamburg, Germany",2017-12-08
7352,This app excels at connecting users easily!,3,male,"San Jose, United States",2020-01-29
7353,Still facing issues with functionality; need assistance in resolving these problems.,3,male,"Tel Aviv, Israel",2018-09-28
7354,Great!,3,male,"Barcelona, Spain",2017-05-21
7355,Great job!,3,male,"Montevideo, Uruguay",2020-04-21
7356,Good enough; satisfactory.,3,male,"Budapest, Hungary",2018-01-30
7357,It functions primarily as an income-generating device rather than for connecting individuals.,3,male,"Athens, Greece",2017-11-25
7358,Great!,3,female,"Canberra, Australia",2020-11-18
7359,This is primarily seen as either automated software or women attempting engagement.,3,male,"Denver, United States",2019-08-19
7360,Absolutely! Nothing needs saying then.,3,male,"Dublin, Ireland",2018-02-22
7361,Great start! Keep it up!,3,male,"Monterrey, Mexico",2019-11-19
7362,Great!,3,female,"Montevideo, Uruguay",2020-08-12
7363,"Absolutely agree; everyone, regardless of size, deserves respect and opportunity equally.",3,male,"Frankfurt, Germany",2018-01-23
7364,Costly,3,male,"Vancouver, Canada",2019-12-07
7365,"Probably one of the most effective apps when it comes to finding real connections, yet remains just another form of exploitation. It also falls short compared to other options like Boo in terms of comprehensive features for free",3,male,"Marseille, France",2017-07-15
7366,"Your recommendation system appears overly complex without transparency, making it unfair in its decision-making process.",3,female,"Brasília, Brazil",2020-07-28
7367,It's frustrating that Tinder frequently blocks users without any evidence of wrongdoing. Let them see how their system operates and understand what it does to people like us who haven’t violated anything. It’s highly annoying,3,male,"Doha, Qatar",2018-08-30
7368,Alright then! Let's proceed with our plan.,3,male,"Karachi, Pakistan",2018-09-09
7369,"You lost all your matches and were given only two stars, which is disappointing.",3,male,"Salvador, Brazil",2020-06-19
7370,Great! I enjoy it too.,3,male,"Delhi, India",2018-03-15
7371,Great meeting interesting individuals too... highly recommended!,3,male,"New York, United States",2019-12-02
7372,"""Tinder is Disappointment."" 🤯💨",3,male,"Amsterdam, Netherlands",2018-01-17
7373,Not many chances available without compensation.,3,female,"São Paulo, Brazil",2020-08-03
7374,Boost all things deemed annoying or bothersome.,3,male,"Dublin, Ireland",2017-05-28
7375,Use it and see how valuable it becomes!,3,male,"Berlin, Germany",2017-09-17
7376,Great!,3,male,"Abu Dhabi, United Arab Emirates",2018-09-02
7377,"I appreciate your thoughtful gift, and I'm glad you enjoy seeing how others react.",3,male,"Accra, Ghana",2019-02-08
7378,Absolutely fine.,3,female,"Nadi, Fiji",2021-01-16
7379,It lacks speed and responsiveness significantly.,3,female,"Adelaide, Australia",2020-11-10
7380,Membership fees for gold status seem quite costly.,3,male,"Bangalore, India",2018-05-21
7381,Absolutely! It's important to remember that expenses come with it.,3,male,"Lusaka, Zambia",2018-11-22
7382,"Sure, here's an alternative way of commenting while maintaining the original message:

""I believe displaying likes should omit personal information.""",3,male,"Mexico City, Mexico",2019-12-21
7383,Great application!,3,male,"Austin, United States",2020-01-30
7384,"Sure! Here's an alternative way to express that idea:

Please make it easier.

This version conveys the same request for reduced complexity or accessibility.",3,male,"Brussels, Belgium",2018-02-14
7385,Thank you for sharing this information. It seems like a challenging situation with some interesting points to consider regarding reviews and interactions on social media platforms.,3,male,"Montevideo, Uruguay",2020-03-28
7386,Leave this place now.,3,male,"Marrakesh, Morocco",2019-03-11
7387,"The pricing structure feels overly complex, with features that should be standard in lower tiers being overpriced. The app’s notifications about missed matches are confusing and intrusive when swiping left to indicate interest rather",3,female,"Lima, Peru",2020-09-13
7388,Excellent app! Just wish for lower premium fees.,3,male,"Lima, Peru",2020-04-23
7389,"More goodies, naturally!",3,female,"Sydney, Australia",2020-10-12
7390,"Could benefit from using folder organization, pins/stars for favorites, and better filtering options.",3,male,"Windhoek, Namibia",2019-02-26
7391,"So far, you haven't enjoyed any positive encounters.",3,male,"Marrakesh, Morocco",2019-01-21
7392,"Please confirm before clicking on ""boost"" to avoid unintended boosts.",3,male,"Tunis, Tunisia",2019-01-26
7393,"Understandably, Tinder has always prided itself on being a platform where users can connect with others who share similar interests and backgrounds to them - including financial analysts! However, it's clear that they",3,female,"Wellington, New Zealand",2021-04-18
7394,Good enough.,3,male,"Houston, United States",2019-06-28
7395,Great!,3,male,"Brasília, Brazil",2020-06-25
7396,"Absolutely! The app offers excellent value with its gold status that significantly narrows down potential partners quickly and efficiently. While it can be pricey over time, it's worth considering for those looking to speed up",3,male,"San Francisco, United States",2019-06-21
7397,"""Finding Mr. Right is always exciting, and I hope for true love too.""",3,female,"Guayaquil, Ecuador",2020-08-22
7398,"""Your account is being randomly logged off once per week.""",3,male,"Kathmandu, Nepal",2018-03-27
7399,Could definitely improve further.,3,male,"Bogotá, Colombia",2020-06-29
7400,Many impostor accounts despite functionality as advertised,3,male,"Nairobi, Kenya",2019-02-14
7401,"Enhancing Tinder with additional free functionalities could significantly improve its appeal. Expanding options without requiring payment would make dating apps more accessible and enjoyable for users, enhancing overall user experience.",3,female,"Hobart, Australia",2021-04-13
